{"stats":{"minecraft:used":{"alexsmobs:animal_dictionary":1},"minecraft:crafted":{"minecraft:birch_planks":4},"minecraft:picked_up":{"minecraft:birch_log":1,"minecraft:rotten_flesh":1,"minecraft:wheat_seeds":1,"tombstone:magic_scroll":1},"minecraft:dropped":{"minecraft:wheat_seeds":1},"minecraft:custom":{"minecraft:time_since_rest":2235,"minecraft:crouch_one_cm":34,"minecraft:play_time":2235,"minecraft:sprint_one_cm":5260,"tombstone:undead_killed":1,"minecraft:walk_one_cm":6868,"minecraft:sneak_time":3,"minecraft:mob_kills":1,"minecraft:drop":1,"minecraft:jump":24,"minecraft:damage_dealt":127,"minecraft:time_since_death":2235,"minecraft:total_world_time":2235,"minecraft:fall_one_cm":420,"minecraft:fly_one_cm":1845},"minecraft:killed":{"minecraft:zombie":1},"minecraft:mined":{"minecraft:grass":2,"minecraft:birch_log":1}},"DataVersion":3465}