{"stats":{"minecraft:used":{"minecraft:wooden_axe":8,"minecraft:wooden_pickaxe":23,"minecraft:wooden_sword":8,"minecraft:crafting_table":2,"minecraft:furnace":1,"tombstone:gift":1,"alexsmobs:animal_dictionary":1},"minecraft:crafted":{"minecraft:wooden_sword":1,"minecraft:crafting_table":1,"minecraft:stick":8,"minecraft:wooden_pickaxe":1,"minecraft:wooden_axe":1,"minecraft:furnace":1,"minecraft:birch_planks":32},"minecraft:picked_up":{"minecraft:birch_log":10,"minecraft:crafting_table":2,"minecraft:rotten_flesh":1,"minecraft:wheat_seeds":1,"minecraft:gray_wool":1,"tombstone:magic_scroll":1,"minecraft:sugar_cane":4,"minecraft:mutton":2,"minecraft:white_wool":1,"minecraft:cobblestone":22,"minecraft:furnace":1},"minecraft:dropped":{"minecraft:wheat_seeds":1},"minecraft:custom":{"minecraft:time_since_rest":14235,"minecraft:sprint_one_cm":34824,"minecraft:interact_with_furnace":1,"minecraft:walk_one_cm":34228,"minecraft:mob_kills":3,"minecraft:drop":1,"minecraft:damage_dealt":287,"tombstone:cast_on_ally":1,"minecraft:interact_with_crafting_table":3,"minecraft:fly_one_cm":5677,"minecraft:crouch_one_cm":125,"minecraft:play_time":14235,"tombstone:undead_killed":1,"minecraft:sneak_time":19,"minecraft:jump":90,"minecraft:walk_on_water_one_cm":468,"minecraft:time_since_death":14235,"minecraft:total_world_time":14235,"minecraft:fall_one_cm":1525},"minecraft:killed":{"minecraft:sheep":2,"minecraft:zombie":1},"minecraft:mined":{"minecraft:furnace":1,"minecraft:birch_log":14,"minecraft:crafting_table":2,"minecraft:grass":2,"minecraft:stone":22,"minecraft:sugar_cane":2}},"DataVersion":3465}