{"stats":{"minecraft:used":{"minecraft:wooden_axe":15,"minecraft:wooden_sword":14,"minecraft:crafting_table":1,"minecraft:acacia_planks":9},"minecraft:mined":{"minecraft:dark_oak_planks":3,"minecraft:grass":1,"minecraft:acacia_log":19,"luminousworld:groundpebbles_2":1,"minecraft:dark_oak_log":2,"minecraft:crafting_table":1},"minecraft:picked_up":{"luminousworld:groundpebbles_1":1,"minecraft:crafting_table":1,"minecraft:acacia_log":18,"minecraft:oak_sapling":1},"minecraft:dropped":{"minecraft:acacia_planks":1},"minecraft:custom":{"minecraft:crouch_one_cm":737,"minecraft:time_since_rest":11424,"minecraft:play_time":11424,"minecraft:sprint_one_cm":6203,"minecraft:damage_taken":190,"minecraft:walk_one_cm":13947,"minecraft:sneak_time":539,"minecraft:drop":1,"minecraft:jump":113,"minecraft:damage_dealt":144,"minecraft:time_since_death":11424,"minecraft:walk_on_water_one_cm":542,"minecraft:total_world_time":11424,"minecraft:climb_one_cm":23540,"minecraft:interact_with_crafting_table":1,"minecraft:fall_one_cm":2415,"minecraft:fly_one_cm":8705},"minecraft:crafted":{"minecraft:wooden_sword":1,"minecraft:acacia_planks":72,"minecraft:crafting_table":1,"minecraft:stick":4,"minecraft:wooden_axe":1}},"DataVersion":3465}