{"stats":{"minecraft:used":{"tombstone:gift":4,"alexsmobs:animal_dictionary":1,"minecraft:coarse_dirt":3,"minecraft:gravel":1},"minecraft:killed":{"minecraft:zombie":1},"minecraft:mined":{"minecraft:acacia_log":6,"minecraft:coarse_dirt":21,"minecraft:acacia_leaves":3,"minecraft:gravel":2,"minecraft:grass_block":1},"minecraft:killed_by":{"illagerinvasion:basher":1,"minecraft:vindicator":4},"minecraft:picked_up":{"minecraft:coarse_dirt":20,"minecraft:acacia_planks":1,"minecraft:acacia_log":6,"minecraft:gravel":2,"minecraft:dirt":1},"minecraft:custom":{"tombstone:undead_killed":1,"minecraft:open_chest":1,"minecraft:time_since_rest":3428,"minecraft:walk_one_cm":45553,"minecraft:crouch_one_cm":160,"minecraft:play_time":13278,"minecraft:sprint_one_cm":27040,"minecraft:damage_taken":1560,"minecraft:deaths":5,"minecraft:sneak_time":207,"minecraft:mob_kills":3,"minecraft:jump":309,"minecraft:damage_dealt":347,"minecraft:time_since_death":3966,"minecraft:walk_on_water_one_cm":2057,"minecraft:total_world_time":13278,"minecraft:interact_with_crafting_table":1,"minecraft:fly_one_cm":3774,"minecraft:fall_one_cm":1370},"minecraft:crafted":{"minecraft:acacia_planks":24,"minecraft:crafting_table":1,"minecraft:stick":16,"minecraft:wooden_axe":1,"minecraft:wooden_sword":1}},"DataVersion":3465}