{"stats":{"minecraft:used":{"minecraft:wooden_axe":11,"minecraft:crafting_table":1,"alexsmobs:animal_dictionary":1},"minecraft:crafted":{"minecraft:birch_planks":56,"minecraft:crafting_table":1,"minecraft:stick":20,"minecraft:wooden_axe":1},"minecraft:picked_up":{"minecraft:birch_log":21,"minecraft:crafting_table":1,"minecraft:birch_sapling":1,"minecraft:dirt":4},"minecraft:custom":{"minecraft:time_since_rest":8407,"minecraft:crouch_one_cm":245,"minecraft:play_time":8407,"minecraft:sprint_one_cm":4955,"minecraft:damage_taken":40,"minecraft:walk_one_cm":12219,"minecraft:sneak_time":37,"minecraft:jump":38,"minecraft:damage_dealt":109,"minecraft:leave_game":1,"minecraft:time_since_death":8407,"minecraft:total_world_time":8407,"minecraft:fly_one_cm":528,"minecraft:interact_with_crafting_table":1,"minecraft:fall_one_cm":1346,"minecraft:player_kills":1},"minecraft:mined":{"minecraft:grass_block":4,"minecraft:birch_log":21,"minecraft:birch_leaves":5,"minecraft:crafting_table":1}},"DataVersion":3465}