{"stats":{"minecraft:killed_by":{"minecraft:player":1},"minecraft:used":{"minecraft:dirt":1,"minecraft:birch_log":2,"alexsmobs:animal_dictionary":1},"minecraft:picked_up":{"minecraft:birch_log":7,"minecraft:dirt":2},"minecraft:dropped":{"minecraft:birch_log":1},"minecraft:custom":{"minecraft:time_since_rest":4583,"minecraft:crouch_one_cm":133,"minecraft:sprint_one_cm":19061,"minecraft:play_time":27305,"minecraft:deaths":1,"minecraft:damage_taken":223,"minecraft:walk_one_cm":22515,"minecraft:sneak_time":52,"minecraft:drop":1,"minecraft:jump":121,"minecraft:leave_game":1,"minecraft:time_since_death":5029,"minecraft:total_world_time":27305,"minecraft:fall_one_cm":3734,"minecraft:fly_one_cm":17650},"minecraft:mined":{"minecraft:grass_block":1,"minecraft:dirt":1,"minecraft:birch_log":7}},"DataVersion":3465}