{"stats":{"minecraft:killed_by":{"minecraft:player":1},"minecraft:used":{"minecraft:dirt":3,"minecraft:crafting_table":1,"minecraft:birch_log":2,"alexsmobs:animal_dictionary":2,"minecraft:wooden_pickaxe":6},"minecraft:crafted":{"minecraft:crafting_table":1,"minecraft:birch_planks":84,"minecraft:stick":4,"minecraft:wooden_pickaxe":1},"minecraft:picked_up":{"minecraft:birch_log":24,"minecraft:sugar_cane":3,"minecraft:dirt":5,"minecraft:cobblestone":6},"minecraft:dropped":{"minecraft:birch_log":1},"minecraft:custom":{"minecraft:time_since_rest":26885,"minecraft:crouch_one_cm":772,"minecraft:sprint_one_cm":33228,"minecraft:play_time":49607,"minecraft:damage_taken":423,"minecraft:deaths":1,"minecraft:walk_one_cm":53344,"minecraft:sneak_time":177,"minecraft:drop":1,"minecraft:jump":233,"minecraft:damage_dealt":87,"minecraft:walk_on_water_one_cm":169,"minecraft:leave_game":2,"minecraft:time_since_death":27331,"minecraft:total_world_time":49607,"minecraft:interact_with_crafting_table":1,"minecraft:fall_one_cm":5586,"minecraft:fly_one_cm":35121},"minecraft:mined":{"minecraft:grass":2,"minecraft:grass_block":2,"minecraft:dirt":3,"minecraft:birch_log":20,"minecraft:stone":6,"minecraft:sugar_cane":2}},"DataVersion":3465}