{"stats":{"minecraft:used":{"minecraft:birch_log":2},"minecraft:mined":{"minecraft:birch_log":5},"minecraft:custom":{"minecraft:jump":19,"minecraft:time_since_rest":13518,"minecraft:crouch_one_cm":133,"minecraft:leave_game":1,"minecraft:sprint_one_cm":4094,"minecraft:play_time":13518,"minecraft:damage_taken":20,"minecraft:time_since_death":13518,"minecraft:walk_one_cm":8313,"minecraft:sneak_time":29,"minecraft:total_world_time":13518,"minecraft:fall_one_cm":613,"minecraft:fly_one_cm":2504},"minecraft:picked_up":{"minecraft:birch_log":5}},"DataVersion":3465}