{"stats":{"minecraft:used":{"minecraft:birch_log":2},"minecraft:picked_up":{"minecraft:birch_log":5},"minecraft:custom":{"minecraft:jump":25,"minecraft:crouch_one_cm":133,"minecraft:leave_game":1,"minecraft:play_time":15305,"minecraft:sprint_one_cm":5033,"minecraft:damage_taken":20,"minecraft:time_since_death":15305,"minecraft:walk_one_cm":9820,"minecraft:sneak_time":31,"minecraft:total_world_time":15305,"minecraft:fall_one_cm":613,"minecraft:fly_one_cm":3338,"minecraft:time_since_rest":15305},"minecraft:mined":{"minecraft:birch_log":6}},"DataVersion":3465}