{"stats":{"minecraft:killed_by":{"minecraft:player":1},"minecraft:used":{"minecraft:dirt":3,"minecraft:birch_log":2,"alexsmobs:animal_dictionary":1},"minecraft:picked_up":{"minecraft:birch_log":7,"minecraft:dirt":4},"minecraft:dropped":{"minecraft:birch_log":1},"minecraft:custom":{"minecraft:time_since_rest":16583,"minecraft:crouch_one_cm":596,"minecraft:sprint_one_cm":21070,"minecraft:play_time":39305,"minecraft:deaths":1,"minecraft:damage_taken":423,"minecraft:walk_one_cm":32024,"minecraft:sneak_time":132,"minecraft:drop":1,"minecraft:jump":142,"minecraft:damage_dealt":87,"minecraft:leave_game":1,"minecraft:time_since_death":17029,"minecraft:total_world_time":39305,"minecraft:fall_one_cm":3734,"minecraft:fly_one_cm":19900},"minecraft:mined":{"minecraft:grass":2,"minecraft:grass_block":1,"minecraft:dirt":3,"minecraft:birch_log":7}},"DataVersion":3465}