{"stats":{"minecraft:used":{"minecraft:wooden_sword":4,"minecraft:crafting_table":1,"tombstone:gift":2},"minecraft:mined":{"luminousworld:groundpebbles_1":1,"minecraft:oak_log":6},"minecraft:picked_up":{"luminousworld:groundpebbles_1":1,"minecraft:acacia_log":1,"minecraft:oak_log":6},"minecraft:killed_by":{"minecraft:vindicator":1},"minecraft:custom":{"minecraft:time_since_rest":1054,"minecraft:walk_one_cm":12334,"minecraft:crouch_one_cm":477,"minecraft:play_time":10135,"minecraft:sprint_one_cm":3281,"minecraft:damage_taken":2280,"minecraft:deaths":2,"minecraft:sneak_time":70,"minecraft:jump":80,"minecraft:damage_dealt":75,"minecraft:time_since_death":3453,"minecraft:walk_on_water_one_cm":366,"minecraft:total_world_time":10135,"minecraft:climb_one_cm":21710,"minecraft:interact_with_crafting_table":1,"minecraft:fall_one_cm":21629,"minecraft:fly_one_cm":3694},"minecraft:crafted":{"minecraft:wooden_sword":1,"minecraft:oak_planks":24,"minecraft:crafting_table":1,"minecraft:stick":4}},"DataVersion":3465}